date_sampling,new_cases,active_cases,total_tests,fourteen_day_moving_total_new_cases,released_while_active,resolved,deaths,seven_day_moving_total_active_cases,interceptor,utility,sample_code,new_cases_Ep,new_cases_Col,seven_day_moving_total_new_cases_Ep,seven_day_moving_total_new_cases_Col,seven_day_moving_total_new_cases
4/15/20,0.79,,79,,,,,,INF,K,K_K_INF,0.79,0.79,,,
4/16/20,0.79,,105,,,,,,INF,K,K_K_INF,11,14,,,
4/17/20,0.79,,72,,,,,,INF,K,K_K_INF,0.79,0.79,,,
4/18/20,0.79,,38,,,,,,INF,K,K_K_INF,0.79,0.79,,,
4/19/20,0.79,,38,,,,,,INF,K,K_K_INF,0.79,0.79,,,
4/20/20,0.79,,82,,,,,,INF,K,K_K_INF,0.79,0.79,,,
4/21/20,0.79,,125,,,,,,INF,K,K_K_INF,0.79,0.79,15.74,18.74,5.53
4/22/20,0.79,,151,,,,,,INF,K,K_K_INF,0.79,0.79,15.74,18.74,5.53
4/23/20,0.79,,182,,,,,,INF,K,K_K_INF,0.79,0.79,5.53,5.53,5.53
4/24/20,0.79,,166,,,,,,INF,K,K_K_INF,0.79,0.79,5.53,5.53,5.53
4/25/20,0.79,,61,,,,,,INF,K,K_K_INF,0.79,0.79,5.53,5.53,5.53
4/26/20,0.79,,64,,,,,,INF,K,K_K_INF,0.79,0.79,5.53,5.53,5.53
4/27/20,0.79,,148,,,,,,INF,K,K_K_INF,0.79,0.79,5.53,5.53,5.53
4/28/20,0.79,,160,,,,,,INF,K,K_K_INF,0.79,0.79,5.53,5.53,5.53
4/29/20,0.79,,182,,,,,,INF,K,K_K_INF,0.79,0.79,5.53,5.53,5.53
4/30/20,0.79,,196,,,,,,INF,K,K_K_INF,0.79,0.79,5.53,5.53,5.53
5/1/20,0.79,,303,,,,,,INF,K,K_K_INF,0.79,0.79,5.53,5.53,5.53
5/2/20,0.79,,78,,,,,,INF,K,K_K_INF,0.79,0.79,5.53,5.53,5.53
5/3/20,0.79,,58,,,,,,INF,K,K_K_INF,0.79,0.79,5.53,5.53,5.53
5/4/20,0.79,,156,,,,,,INF,K,K_K_INF,0.79,0.79,5.53,5.53,5.53
5/5/20,0.79,,169,,,,,,INF,K,K_K_INF,0.79,0.79,5.53,5.53,5.53
5/6/20,0.79,,205,,,,,,INF,K,K_K_INF,0.79,0.79,5.53,5.53,5.53
5/7/20,0.79,,213,,,,,,INF,K,K_K_INF,0.79,0.79,5.53,5.53,5.53
5/8/20,0.79,,325,,,,,,INF,K,K_K_INF,0.79,0.79,5.53,5.53,5.53
5/9/20,0.79,,108,,,,,,INF,K,K_K_INF,0.79,0.79,5.53,5.53,5.53
5/10/20,0.79,,111,,,,,,INF,K,K_K_INF,0.79,0.79,5.53,5.53,5.53
5/11/20,0.79,,297,,,,,,INF,K,K_K_INF,0.79,0.79,5.53,5.53,5.53
5/12/20,0.79,,318,,,,,,INF,K,K_K_INF,0.79,0.79,5.53,5.53,5.53
5/13/20,0.79,,259,,,,,,INF,K,K_K_INF,0.79,0.79,5.53,5.53,5.53
5/14/20,0.79,,272,,,,,,INF,K,K_K_INF,0.79,0.79,5.53,5.53,5.53
5/15/20,0.79,,320,,,,,,INF,K,K_K_INF,0.79,0.79,5.53,5.53,5.53
5/16/20,0.79,,104,,,,,,INF,K,K_K_INF,0.79,0.79,5.53,5.53,5.53
5/17/20,0.79,,104,,,,,,INF,K,K_K_INF,0.79,0.79,5.53,5.53,5.53
5/18/20,0.79,,371,,,,,,INF,K,K_K_INF,0.79,0.79,5.53,5.53,5.53
5/19/20,0.79,,385,,,,,,INF,K,K_K_INF,0.79,0.79,5.53,5.53,5.53
5/20/20,0.79,,311,,,,,,INF,K,K_K_INF,0.79,0.79,5.53,5.53,5.53
5/21/20,0.79,,282,,,,,,INF,K,K_K_INF,0.79,0.79,5.53,5.53,5.53
5/22/20,0.79,,320,,,,,,INF,K,K_K_INF,0.79,0.79,5.53,5.53,5.53
5/23/20,0.79,,142,,,,,,INF,K,K_K_INF,0.79,0.79,5.53,5.53,5.53
5/24/20,0.79,,97,,,,,,INF,K,K_K_INF,0.79,0.79,5.53,5.53,5.53
5/25/20,0.79,,115,,,,,,INF,K,K_K_INF,0.79,0.79,5.53,5.53,5.53
5/26/20,0.79,,315,,,,,,INF,K,K_K_INF,0.79,0.79,5.53,5.53,5.53
5/27/20,0.79,,320,,,,,,INF,K,K_K_INF,0.79,0.79,5.53,5.53,5.53
5/28/20,0.79,,302,,,,,,INF,K,K_K_INF,0.79,0.79,5.53,5.53,5.53
5/29/20,0.79,,312,,,,,,INF,K,K_K_INF,0.79,0.79,5.53,5.53,5.53
5/30/20,0.79,,190,,,,,,INF,K,K_K_INF,0.79,0.79,5.53,5.53,5.53
5/31/20,0.79,,106,,,,,,INF,K,K_K_INF,0.79,0.79,5.53,5.53,5.53
6/1/20,0.79,,395,,,,,,INF,K,K_K_INF,0.79,0.79,5.53,5.53,5.53
6/2/20,0.79,,368,,,,,,INF,K,K_K_INF,0.79,0.79,5.53,5.53,5.53
6/3/20,0.79,,288,,,,,,INF,K,K_K_INF,0.79,0.79,5.53,5.53,5.53
6/4/20,0.79,,308,,,,,,INF,K,K_K_INF,0.79,0.79,5.53,5.53,5.53
6/5/20,0.79,,352,,,,,,INF,K,K_K_INF,0.79,0.79,5.53,5.53,5.53
6/6/20,0.79,,151,,,,,,INF,K,K_K_INF,0.79,0.79,5.53,5.53,5.53
6/7/20,0.79,,115,,,,,,INF,K,K_K_INF,0.79,0.79,5.53,5.53,5.53
6/8/20,0.79,,467,,,,,,INF,K,K_K_INF,0.79,0.79,5.53,5.53,5.53
6/9/20,0.79,,481,,,,,,INF,K,K_K_INF,0.79,0.79,5.53,5.53,5.53
6/10/20,0.79,,595,,,,,,INF,K,K_K_INF,0.79,0.79,5.53,5.53,5.53
6/11/20,0.79,,463,,,,,,INF,K,K_K_INF,0.79,0.79,5.53,5.53,5.53
6/12/20,0.79,,476,,,,,,INF,K,K_K_INF,0.79,0.79,5.53,5.53,5.53
6/13/20,0.79,,183,,,,,,INF,K,K_K_INF,0.79,0.79,5.53,5.53,5.53
6/14/20,0.79,,132,,,,,,INF,K,K_K_INF,0.79,0.79,5.53,5.53,5.53
6/15/20,0.79,,569,,,,,,INF,K,K_K_INF,0.79,0.79,5.53,5.53,5.53
6/16/20,0.79,,686,,,,,,INF,K,K_K_INF,13,16,17.74,20.74,5.53
6/17/20,0.79,,603,,,,,,INF,K,K_K_INF,0.79,0.79,17.74,20.74,5.53
6/18/20,0.79,,596,,,,,,INF,K,K_K_INF,21,18,37.95,37.95,5.53
6/19/20,0.79,,588,,,,,,INF,K,K_K_INF,15,20,52.16,57.16,5.53
6/20/20,0.79,,267,,,,,,INF,K,K_K_INF,24,22,75.37,78.37,5.53
6/21/20,12,,206,,,,,,INF,K,K_K_INF,0.79,0.79,75.37,78.37,16.74
6/22/20,25,,633,,,,,,INF,K,K_K_INF,19,14,93.58,91.58,40.95
6/23/20,11,,682,,,,,,INF,K,K_K_INF,24,25,104.58,100.58,51.16
6/24/20,12,,743,,,,,,INF,K,K_K_INF,19,20,122.79,119.79,62.37
6/25/20,23,,889,,,,,,INF,K,K_K_INF,25,24,126.79,125.79,84.58
6/26/20,0.79,,776,,,,,,INF,K,K_K_INF,30,31,141.79,136.79,84.58
6/27/20,16,,251,,,,,,INF,K,K_K_INF,22,20,139.79,134.79,99.79
6/28/20,25,,210,,,,,,INF,K,K_K_INF,0.79,0.79,139.79,134.79,112.79
6/29/20,30,,802,,,,,,INF,K,K_K_INF,21,22,141.79,142.79,117.79
6/30/20,17,,838,,,,,,INF,K,K_K_INF,28,26,145.79,143.79,123.79
7/1/20,14,,846,,,,,,INF,K,K_K_INF,27,22,153.79,145.79,125.79
7/2/20,0.79,,917,,,,,,INF,K,K_K_INF,25,27,153.79,148.79,103.58
7/3/20,21,,807,,,,,,INF,K,K_K_INF,26,19,149.79,136.79,123.79
7/4/20,15,,263,,,,,,INF,K,K_K_INF,14,0.79,141.79,117.58,122.79
7/5/20,28,,299,,,,,,INF,K,K_K_INF,20,11,161,127.79,125.79
7/6/20,31,,917,,,,,,INF,K,K_K_INF,28,24,168,129.79,126.79
7/7/20,19,,910,,,,,,INF,K,K_K_INF,25,25,165,128.79,128.79
7/8/20,0.79,,1040,,,,,,INF,K,K_K_INF,33,34,171,140.79,115.58
7/9/20,0.79,,1086,,,,,,INF,K,K_K_INF,35,31,181,144.79,115.58
7/10/20,20,,1049,,,,,,INF,K,K_K_INF,31,33,186,158.79,114.58
7/11/20,0.79,,475,,,,,,INF,K,K_K_INF,0.79,13,172.79,171,100.37
7/12/20,17,,275,,,,,,INF,K,K_K_INF,15,15,167.79,175,89.37
7/13/20,21,,970,,,,,,INF,K,K_K_INF,30,30,169.79,181,79.37
7/14/20,14,,861,,,,,,INF,K,K_K_INF,33,34,177.79,190,74.37
7/15/20,0.79,,864,,,,,,INF,K,K_K_INF,23,24,167.79,180,74.37
7/16/20,26,,854,,,,,,INF,K,K_K_INF,30,25,162.79,174,99.58
7/17/20,11,,872,,,,,,INF,K,K_K_INF,19,25,150.79,166,90.58
7/18/20,0.79,,486,,,,,,INF,K,K_K_INF,14,12,164,165,90.58
7/19/20,26,,303,,,,,,INF,K,K_K_INF,14,0.79,163,150.79,99.58
7/20/20,62,,866,,,,,,INF,K,K_K_INF,26,26,159,146.79,140.58
7/21/20,25,,848,,,,,,INF,K,K_K_INF,28,30,154,142.79,151.58
7/22/20,25,,645,,,,,,INF,K,K_K_INF,25,23,156,141.79,175.79
7/23/20,22,,588,,,,,,INF,K,K_K_INF,19,24,145,140.79,171.79
7/24/20,13,,721,,,,,,INF,K,K_K_INF,31,29,157,144.79,173.79
7/25/20,23,,293,,,,,,INF,K,K_K_INF,14,19,157,151.79,196
7/26/20,14,,190,,,,,,INF,K,K_K_INF,19,0.79,162,151.79,184
7/27/20,22,,694,,,,,,INF,K,K_K_INF,12,15,148,140.79,144
7/28/20,13,,651,,,,,,INF,K,K_K_INF,19,25,139,135.79,132
7/29/20,11,,669,,,,,,INF,K,K_K_INF,36,39,150,151.79,118
7/30/20,23,,632,,,,,,INF,K,K_K_INF,33,34,164,161.79,119
7/31/20,31,,748,,,,,,INF,K,K_K_INF,25,27,158,159.79,137
8/1/20,13,,316,,,,,,INF,K,K_K_INF,0.79,11,144.79,151.79,127
8/2/20,0.79,,259,,,,,,INF,K,K_K_INF,13,0.79,138.79,151.79,113.79
8/3/20,24,,744,,,,,,INF,K,K_K_INF,21,18,147.79,154.79,115.79
8/4/20,20,,511,,,,,,INF,K,K_K_INF,21,19,149.79,148.79,122.79
8/5/20,24,,544,,,,,,INF,K,K_K_INF,17,25,130.79,134.79,135.79
8/6/20,26,,601,,,,,,INF,K,K_K_INF,19,21,116.79,121.79,138.79
8/7/20,22,,578,,,,,,INF,K,K_K_INF,20,18,111.79,112.79,129.79
8/8/20,0.79,,267,,,,,,INF,K,K_K_INF,15,13,126,114.79,117.58
8/9/20,32,,162,,,,,,INF,K,K_K_INF,0.79,0.79,113.79,114.79,148.79
8/10/20,37,,708,,,,,,INF,K,K_K_INF,23,20,115.79,116.79,161.79
8/11/20,18,,519,,,,,,INF,K,K_K_INF,14,15,108.79,112.79,159.79
8/12/20,25,,477,,,,,,INF,K,K_K_INF,14,15,105.79,102.79,160.79
8/13/20,27,,505,,,,,,INF,K,K_K_INF,12,14,98.79,95.79,161.79
8/14/20,30,,488,,,,,,INF,K,K_K_INF,18,23,96.79,100.79,169.79
8/15/20,0.79,,253,,,,,,INF,K,K_K_INF,0.79,0.79,82.58,88.58,169.79
8/16/20,14,,145,,,,,,INF,K,K_K_INF,16,0.79,97.79,88.58,151.79
8/17/20,25,,534,,,,,,INF,K,K_K_INF,0.79,11,75.58,79.58,139.79
8/18/20,28,,440,,,,,,INF,K,K_K_INF,14,18,75.58,82.58,149.79
8/19/20,13,,381,,,,,,INF,K,K_K_INF,20,24,81.58,91.58,137.79
8/20/20,19,,408,,,,,,INF,K,K_K_INF,13,12,82.58,89.58,129.79
8/21/20,19,,501,,,,,,INF,K,K_K_INF,15,16,79.58,82.58,118.79
8/22/20,13,,250,,,,,,INF,K,K_K_INF,0.79,0.79,79.58,82.58,131
8/23/20,22,,144,,,,,,INF,K,K_K_INF,12,0.79,75.58,82.58,139
8/24/20,22,,453,,,,,,INF,K,K_K_INF,24,20,98.79,91.58,136
8/25/20,0.79,,483,,,,,,INF,K,K_K_INF,16,13,100.79,86.58,108.79
8/26/20,17,,408,,,,,,INF,K,K_K_INF,15,27,95.79,89.58,112.79
8/27/20,17,,483,,,,,,INF,K,K_K_INF,30,29,112.79,106.58,110.79
8/28/20,17,,416,,,,,,INF,K,K_K_INF,12,18,109.79,108.58,108.79
8/29/20,22,,254,,,,,,INF,K,K_K_INF,0.79,0.79,109.79,108.58,117.79
8/30/20,19,,226,,,,,,INF,K,K_K_INF,0.79,0.79,98.58,108.58,114.79
8/31/20,13,,524,,,,,,INF,K,K_K_INF,26,20,100.58,108.58,105.79
9/1/20,14,,479,,,,,,INF,K,K_K_INF,22,19,106.58,114.58,119
9/2/20,13,,397,,,,,,INF,K,K_K_INF,14,20,105.58,107.58,115
9/3/20,12,,483,,,,,,INF,K,K_K_INF,0.79,14,76.37,92.58,110
9/4/20,16,,459,,,,,,INF,K,K_K_INF,12,11,76.37,85.58,109
9/5/20,14,,244,,,,,,INF,K,K_K_INF,18,0.79,93.58,85.58,101
9/6/20,12,,220,,,,,,INF,K,K_K_INF,0.79,0.79,93.58,85.58,94
9/7/20,14,,144,,,,,,INF,K,K_K_INF,0.79,0.79,68.37,66.37,95
9/8/20,11,,619,,,,,,INF,K,K_K_INF,14,19,60.37,66.37,92
9/9/20,0.79,,496,,,,,,INF,K,K_K_INF,11,0.79,57.37,47.16,79.79
9/10/20,0.79,,484,,,,,,INF,K,K_K_INF,13,13,69.58,46.16,68.58
9/11/20,17,,448,,,,,,INF,K,K_K_INF,0.79,14,58.37,49.16,69.58
9/12/20,14,,253,,,,,,INF,K,K_K_INF,0.79,0.79,41.16,49.16,69.58
9/13/20,0.79,,140,,,,,,INF,K,K_K_INF,13,0.79,53.37,49.16,58.37
9/14/20,0.79,,506,,,,,,INF,K,K_K_INF,0.79,15,53.37,63.37,45.16
9/15/20,0.79,,640,,,,,,INF,K,K_K_INF,11,12,50.37,56.37,34.95
9/16/20,11,,489,,,,,,INF,K,K_K_INF,0.79,11,40.16,66.58,45.16
9/17/20,11,,472,,,,,,INF,K,K_K_INF,12,18,39.16,71.58,55.37
9/18/20,12,,500,,,,,,INF,K,K_K_INF,11,11,49.37,68.58,50.37
9/19/20,16,,285,,,,,,INF,K,K_K_INF,11,12,59.58,79.79,52.37
9/20/20,0.79,,180,,,,,,INF,K,K_K_INF,0.79,0.79,47.37,79.79,52.37
9/21/20,0.79,,624,,,,,,INF,K,K_K_INF,16,13,62.58,77.79,52.37
9/22/20,0.79,,621,,,,,,INF,K,K_K_INF,14,0.79,65.58,66.58,52.37
9/23/20,0.79,,487,,,,,,INF,K,K_K_INF,0.79,15,65.58,70.58,42.16
9/24/20,17,,560,,,,,,INF,K,K_K_INF,13,17,66.58,69.58,48.16
9/25/20,16,,538,,,,,,INF,K,K_K_INF,13,18,68.58,76.58,52.16
9/26/20,15,,358,,,,,,INF,K,K_K_INF,0.79,0.79,58.37,65.37,51.16
9/27/20,12,,191,,,,,,INF,K,K_K_INF,0.79,0.79,58.37,65.37,62.37
9/28/20,0.79,,704,,,,,,INF,K,K_K_INF,0.79,13,43.16,65.37,62.37
9/29/20,13,,607,,,,,,INF,K,K_K_INF,0.79,14,29.95,78.58,74.58
9/30/20,11,,484,,,,,,INF,K,K_K_INF,0.79,0.79,29.95,64.37,84.79
10/1/20,16,,501,,,,,,INF,K,K_K_INF,15,12,31.95,59.37,83.79
10/2/20,14,,584,,,,,,INF,K,K_K_INF,0.79,0.79,19.74,42.16,81.79
10/3/20,24,,343,,,,,,INF,K,K_K_INF,0.79,0.79,19.74,42.16,90.79
10/4/20,0.79,,271,,,,,,INF,K,K_K_INF,11,0.79,29.95,42.16,79.58
10/5/20,0.79,,778,,,,,,INF,K,K_K_INF,15,19,44.16,48.16,79.58
10/6/20,0.79,,706,,,,,,INF,K,K_K_INF,0.79,0.79,44.16,34.95,67.37
10/7/20,21,,606,,,,,,INF,K,K_K_INF,16,18,59.37,52.16,77.37
10/8/20,0.79,,615,,,,,,INF,K,K_K_INF,14,13,58.37,53.16,62.16
10/9/20,13,,581,,,,,,INF,K,K_K_INF,11,0.79,68.58,53.16,61.16
10/10/20,20,,313,,,,,,INF,K,K_K_INF,0.79,0.79,68.58,53.16,57.16
10/11/20,12,,212,,,,,,INF,K,K_K_INF,0.79,0.79,58.37,53.16,68.37
10/12/20,0.79,,693,,,,,,INF,K,K_K_INF,11,0.79,54.37,34.95,68.37
10/13/20,0.79,,710,,,,,,INF,K,K_K_INF,16,20,69.58,54.16,68.37
10/14/20,0.79,,673,,,,,,INF,K,K_K_INF,0.79,0.79,54.37,36.95,48.16
10/15/20,14,,626,,,,,,INF,K,K_K_INF,0.79,0.79,41.16,24.74,61.37
4/15/20,0,,,,,,,,ADA,C,C_C_ADA,,,,,5.5
4/16/20,0,,,,,,,,ADA,C,C_C_ADA,,,,,5.5
4/17/20,0,,,,,,,,ADA,C,C_C_ADA,,,,,5.5
4/18/20,5.5,,,,,,,,ADA,C,C_C_ADA,,,,,5.5
4/19/20,0,,,,,,,,ADA,C,C_C_ADA,,,,,5.5
4/20/20,0,,,,,,,,ADA,C,C_C_ADA,,,,,5.5
4/21/20,0,,,,,,,,ADA,C,C_C_ADA,,,,,5.5
4/22/20,0,,,,,,,,ADA,C,C_C_ADA,,,,,5.5
4/23/20,5.5,,,,,,,,ADA,C,C_C_ADA,,,,,5.5
4/24/20,0,,,,,,,,ADA,C,C_C_ADA,,,,,5.5
4/25/20,0,,,,,,,,ADA,C,C_C_ADA,,,,,5.5
4/26/20,0,,,,,,,,ADA,C,C_C_ADA,,,,,5.5
4/27/20,0,,,,,,,,ADA,C,C_C_ADA,,,,,5.5
4/28/20,0,,,,,,,,ADA,C,C_C_ADA,,,,,5.5
4/29/20,0,,,,,,,,ADA,C,C_C_ADA,,,,,5.5
4/30/20,0,,,,,,,,ADA,C,C_C_ADA,,,,,5.5
5/1/20,0,,,,,,,,ADA,C,C_C_ADA,,,,,5.5
5/2/20,0,,,,,,,,ADA,C,C_C_ADA,,,,,5.5
5/3/20,0,,,,,,,,ADA,C,C_C_ADA,,,,,5.5
5/4/20,0,,,,,,,,ADA,C,C_C_ADA,,,,,5.5
5/5/20,0,,,,,,,,ADA,C,C_C_ADA,,,,,5.5
5/6/20,5.5,,,,,,,,ADA,C,C_C_ADA,,,,,5.5
5/7/20,0,,,,,,,,ADA,C,C_C_ADA,,,,,5.5
5/8/20,0,,,,,,,,ADA,C,C_C_ADA,,,,,5.5
5/9/20,0,,,,,,,,ADA,C,C_C_ADA,,,,,5.5
5/10/20,0,,,,,,,,ADA,C,C_C_ADA,,,,,5.5
5/11/20,0,,,,,,,,ADA,C,C_C_ADA,,,,,5.5
5/12/20,0,,,,,,,,ADA,C,C_C_ADA,,,,,5.5
5/13/20,0,,,,,,,,ADA,C,C_C_ADA,,,,,5.5
5/14/20,0,,,,,,,,ADA,C,C_C_ADA,,,,,5.5
5/15/20,0,,,,,,,,ADA,C,C_C_ADA,,,,,5.5
5/16/20,0,,,,,,,,ADA,C,C_C_ADA,,,,,5.5
5/17/20,5.5,,,,,,,,ADA,C,C_C_ADA,,,,,5.5
5/18/20,0,,,,,,,,ADA,C,C_C_ADA,,,,,5.5
5/19/20,0,,,,,,,,ADA,C,C_C_ADA,,,,,5.5
5/20/20,0,,,,,,,,ADA,C,C_C_ADA,,,,,5.5
5/21/20,5.5,,,,,,,,ADA,C,C_C_ADA,,,,,5.5
5/22/20,5.5,,,,,,,,ADA,C,C_C_ADA,,,,,5.5
5/23/20,0,,,,,,,,ADA,C,C_C_ADA,,,,,5.5
5/24/20,0,,,,,,,,ADA,C,C_C_ADA,,,,,5.5
5/25/20,0,,,,,,,,ADA,C,C_C_ADA,,,,,5.5
5/26/20,5.5,,,,,,,,ADA,C,C_C_ADA,,,,,5.5
5/27/20,0,,,,,,,,ADA,C,C_C_ADA,,,,,5.5
5/28/20,0,,,,,,,,ADA,C,C_C_ADA,,,,,5.5
5/29/20,0,,,,,,,,ADA,C,C_C_ADA,,,,,5.5
5/30/20,0,,,,,,,,ADA,C,C_C_ADA,,,,,5.5
5/31/20,0,,,,,,,,ADA,C,C_C_ADA,,,,,5.5
6/1/20,5.5,,,,,,,,ADA,C,C_C_ADA,,,,,5.5
6/2/20,0,,,,,,,,ADA,C,C_C_ADA,,,,,5.5
6/3/20,0,,,,,,,,ADA,C,C_C_ADA,,,,,5.5
6/4/20,0,,,,,,,,ADA,C,C_C_ADA,,,,,5.5
6/5/20,5.5,,,,,,,,ADA,C,C_C_ADA,,,,,5.5
6/6/20,0,,,,,,,,ADA,C,C_C_ADA,,,,,5.5
6/7/20,0,,,,,,,,ADA,C,C_C_ADA,,,,,5.5
6/8/20,5.5,,,,,,,,ADA,C,C_C_ADA,,,,,5.5
6/9/20,0,,,,,,,,ADA,C,C_C_ADA,,,,,5.5
6/10/20,0,,,,,,,,ADA,C,C_C_ADA,,,,,5.5
6/11/20,0,,,,,,,,ADA,C,C_C_ADA,,,,,5.5
6/12/20,0,,,,,,,,ADA,C,C_C_ADA,,,,,5.5
6/13/20,0,,,,,,,,ADA,C,C_C_ADA,,,,,5.5
6/14/20,0,,,,,,,,ADA,C,C_C_ADA,,,,,5.5
6/15/20,5.5,,,,,,,,ADA,C,C_C_ADA,,,,,5.5
6/16/20,0,,,,,,,,ADA,C,C_C_ADA,,,,,5.5
6/17/20,0,,,,,,,,ADA,C,C_C_ADA,,,,,5.5
6/18/20,5.5,,,,,,,,ADA,C,C_C_ADA,,,,,5.5
6/19/20,5.5,,,,,,,,ADA,C,C_C_ADA,,,,,5.5
6/20/20,5.5,,,,,,,,ADA,C,C_C_ADA,,,,,5.5
6/21/20,0,,,,,,,,ADA,C,C_C_ADA,,,,,5.5
6/22/20,5.5,,,,,,,,ADA,C,C_C_ADA,,,,,5.5
6/23/20,5.5,,,,,,,,ADA,C,C_C_ADA,,,,,13
6/24/20,5.5,,,,,,,,ADA,C,C_C_ADA,,,,,15
6/25/20,5.5,,,,,,,,ADA,C,C_C_ADA,,,,,15
6/26/20,5.5,,,,,,,,ADA,C,C_C_ADA,,,,,16
6/27/20,5.5,,,,,,,,ADA,C,C_C_ADA,,,,,18
6/28/20,5.5,,,,,,,,ADA,C,C_C_ADA,,,,,19
6/29/20,5.5,,,,,,,,ADA,C,C_C_ADA,,,,,21
6/30/20,5.5,,,,,,,,ADA,C,C_C_ADA,,,,,22
7/1/20,5.5,,,,,,,,ADA,C,C_C_ADA,,,,,22
7/2/20,19,,,,,,,,ADA,C,C_C_ADA,,,,,40
7/3/20,5.5,,,,,,,,ADA,C,C_C_ADA,,,,,42
7/4/20,5.5,,,,,,,,ADA,C,C_C_ADA,,,,,47
7/5/20,0,,,,,,,,ADA,C,C_C_ADA,,,,,46
7/6/20,15,,,,,,,,ADA,C,C_C_ADA,,,,,55
7/7/20,5.5,,,,,,,,ADA,C,C_C_ADA,,,,,55
7/8/20,11,,,,,,,,ADA,C,C_C_ADA,,,,,64
7/9/20,5.5,,,,,,,,ADA,C,C_C_ADA,,,,,51
7/10/20,5.5,,,,,,,,ADA,C,C_C_ADA,,,,,51
7/11/20,5.5,,,,,,,,ADA,C,C_C_ADA,,,,,53
7/12/20,5.5,,,,,,,,ADA,C,C_C_ADA,,,,,56
7/13/20,5.5,,,,,,,,ADA,C,C_C_ADA,,,,,49
7/14/20,5.5,,,,,,,,ADA,C,C_C_ADA,,,,,45
7/15/20,5.5,,,,,,,,ADA,C,C_C_ADA,,,,,37
7/16/20,5.5,,,,,,,,ADA,C,C_C_ADA,,,,,34
7/17/20,5.5,,,,,,,,ADA,C,C_C_ADA,,,,,32
7/18/20,0,,,,,,,,ADA,C,C_C_ADA,,,,,22
7/19/20,5.5,,,,,,,,ADA,C,C_C_ADA,,,,,23
7/20/20,5.5,,,,,,,,ADA,C,C_C_ADA,,,,,20
7/21/20,5.5,,,,,,,,ADA,C,C_C_ADA,,,,,21
7/22/20,5.5,,,,,,,,ADA,C,C_C_ADA,,,,,20
7/23/20,0,,,,,,,,ADA,C,C_C_ADA,,,,,17
7/24/20,5.5,,,,,,,,ADA,C,C_C_ADA,,,,,17
7/25/20,5.5,,,,,,,,ADA,C,C_C_ADA,,,,,18
7/26/20,0,,,,,,,,ADA,C,C_C_ADA,,,,,14
7/27/20,5.5,,,,,,,,ADA,C,C_C_ADA,,,,,15
7/28/20,5.5,,,,,,,,ADA,C,C_C_ADA,,,,,14
7/29/20,5.5,,,,,,,,ADA,C,C_C_ADA,,,,,14
7/30/20,5.5,,,,,,,,ADA,C,C_C_ADA,,,,,18
7/31/20,5.5,,,,,,,,ADA,C,C_C_ADA,,,,,18
8/1/20,0,,,,,,,,ADA,C,C_C_ADA,,,,,17
8/2/20,0,,,,,,,,ADA,C,C_C_ADA,,,,,17
8/3/20,5.5,,,,,,,,ADA,C,C_C_ADA,,,,,13
8/4/20,5.5,,,,,,,,ADA,C,C_C_ADA,,,,,12
8/5/20,5.5,,,,,,,,ADA,C,C_C_ADA,,,,,16
8/6/20,5.5,,,,,,,,ADA,C,C_C_ADA,,,,,14
8/7/20,5.5,,,,,,,,ADA,C,C_C_ADA,,,,,14
8/8/20,5.5,,,,,,,,ADA,C,C_C_ADA,,,,,16
8/9/20,5.5,,,,,,,,ADA,C,C_C_ADA,,,,,22
8/10/20,5.5,,,,,,,,ADA,C,C_C_ADA,,,,,21
8/11/20,5.5,,,,,,,,ADA,C,C_C_ADA,,,,,22
8/12/20,5.5,,,,,,,,ADA,C,C_C_ADA,,,,,21
8/13/20,5.5,,,,,,,,ADA,C,C_C_ADA,,,,,21
8/14/20,5.5,,,,,,,,ADA,C,C_C_ADA,,,,,20
8/15/20,5.5,,,,,,,,ADA,C,C_C_ADA,,,,,24
8/16/20,5.5,,,,,,,,ADA,C,C_C_ADA,,,,,21
8/17/20,5.5,,,,,,,,ADA,C,C_C_ADA,,,,,21
8/18/20,5.5,,,,,,,,ADA,C,C_C_ADA,,,,,20
8/19/20,5.5,,,,,,,,ADA,C,C_C_ADA,,,,,17
8/20/20,5.5,,,,,,,,ADA,C,C_C_ADA,,,,,17
8/21/20,5.5,,,,,,,,ADA,C,C_C_ADA,,,,,17
8/22/20,5.5,,,,,,,,ADA,C,C_C_ADA,,,,,14
8/23/20,5.5,,,,,,,,ADA,C,C_C_ADA,,,,,14
8/24/20,0,,,,,,,,ADA,C,C_C_ADA,,,,,13
8/25/20,5.5,,,,,,,,ADA,C,C_C_ADA,,,,,13
8/26/20,5.5,,,,,,,,ADA,C,C_C_ADA,,,,,14
8/27/20,5.5,,,,,,,,ADA,C,C_C_ADA,,,,,13
8/28/20,0,,,,,,,,ADA,C,C_C_ADA,,,,,11
8/29/20,5.5,,,,,,,,ADA,C,C_C_ADA,,,,,5.5
8/30/20,5.5,,,,,,,,ADA,C,C_C_ADA,,,,,11
8/31/20,5.5,,,,,,,,ADA,C,C_C_ADA,,,,,12
9/1/20,5.5,,,,,,,,ADA,C,C_C_ADA,,,,,12
9/2/20,5.5,,,,,,,,ADA,C,C_C_ADA,,,,,19
9/3/20,5.5,,,,,,,,ADA,C,C_C_ADA,,,,,23
9/4/20,5.5,,,,,,,,ADA,C,C_C_ADA,,,,,26
9/5/20,5.5,,,,,,,,ADA,C,C_C_ADA,,,,,25
9/6/20,5.5,,,,,,,,ADA,C,C_C_ADA,,,,,22
9/7/20,5.5,,,,,,,,ADA,C,C_C_ADA,,,,,26
9/8/20,5.5,,,,,,,,ADA,C,C_C_ADA,,,,,27
9/9/20,14,,,,,,,,ADA,C,C_C_ADA,,,,,31
9/10/20,5.5,,,,,,,,ADA,C,C_C_ADA,,,,,36
9/11/20,5.5,,,,,,,,ADA,C,C_C_ADA,,,,,38
9/12/20,0,,,,,,,,ADA,C,C_C_ADA,,,,,37
9/13/20,5.5,,,,,,,,ADA,C,C_C_ADA,,,,,40
9/14/20,5.5,,,,,,,,ADA,C,C_C_ADA,,,,,37
9/15/20,5.5,,,,,,,,ADA,C,C_C_ADA,,,,,40
9/16/20,5.5,,,,,,,,ADA,C,C_C_ADA,,,,,28
9/17/20,5.5,,,,,,,,ADA,C,C_C_ADA,,,,,22
9/18/20,5.5,,,,,,,,ADA,C,C_C_ADA,,,,,20
9/19/20,0,,,,,,,,ADA,C,C_C_ADA,,,,,20
9/20/20,5.5,,,,,,,,ADA,C,C_C_ADA,,,,,19
9/21/20,5.5,,,,,,,,ADA,C,C_C_ADA,,,,,18
9/22/20,5.5,,,,,,,,ADA,C,C_C_ADA,,,,,16
9/23/20,5.5,,,,,,,,ADA,C,C_C_ADA,,,,,18
9/24/20,0,,,,,,,,ADA,C,C_C_ADA,,,,,14
9/25/20,5.5,,,,,,,,ADA,C,C_C_ADA,,,,,13
9/26/20,5.5,,,,,,,,ADA,C,C_C_ADA,,,,,16
9/27/20,5.5,,,,,,,,ADA,C,C_C_ADA,,,,,16
9/28/20,5.5,,,,,,,,ADA,C,C_C_ADA,,,,,16
9/29/20,5.5,,,,,,,,ADA,C,C_C_ADA,,,,,14
9/30/20,5.5,,,,,,,,ADA,C,C_C_ADA,,,,,11
10/1/20,5.5,,,,,,,,ADA,C,C_C_ADA,,,,,16
10/2/20,5.5,,,,,,,,ADA,C,C_C_ADA,,,,,17
10/3/20,5.5,,,,,,,,ADA,C,C_C_ADA,,,,,15
10/4/20,5.5,,,,,,,,ADA,C,C_C_ADA,,,,,14
10/5/20,0,,,,,,,,ADA,C,C_C_ADA,,,,,13
10/6/20,0,,,,,,,,ADA,C,C_C_ADA,,,,,12
10/7/20,5.5,,,,,,,,ADA,C,C_C_ADA,,,,,15
10/8/20,5.5,,,,,,,,ADA,C,C_C_ADA,,,,,13
10/9/20,5.5,,,,,,,,ADA,C,C_C_ADA,,,,,11
10/10/20,0,,,,,,,,ADA,C,C_C_ADA,,,,,5.5
10/11/20,0,,,,,,,,ADA,C,C_C_ADA,,,,,5.5
10/12/20,0,,,,,,,,ADA,C,C_C_ADA,,,,,5.5
10/13/20,5.5,,,,,,,,ADA,C,C_C_ADA,,,,,5.5
10/14/20,5.5,,,,,,,,ADA,C,C_C_ADA,,,,,5.5
10/15/20,5.5,,,,,,,,ADA,C,C_C_ADA,,,,,5.5
4/15/20,26,,,,,,,,S68,C,C_C_S68,,,,,97
4/16/20,11,,,,,,,,S68,C,C_C_S68,,,,,101
4/17/20,22,,,,,,,,S68,C,C_C_S68,,,,,111
4/18/20,21,,,,,,,,S68,C,C_C_S68,,,,,114
4/19/20,13,,,,,,,,S68,C,C_C_S68,,,,,115
4/20/20,16,,,,,,,,S68,C,C_C_S68,,,,,117
4/21/20,27,,,,,,,,S68,C,C_C_S68,,,,,136
4/22/20,16,,,,,,,,S68,C,C_C_S68,,,,,126
4/23/20,20,,,,,,,,S68,C,C_C_S68,,,,,135
4/24/20,0.79,,,,,,,,S68,C,C_C_S68,,,,,121
4/25/20,17,,,,,,,,S68,C,C_C_S68,,,,,117
4/26/20,13,,,,,,,,S68,C,C_C_S68,,,,,117
4/27/20,0.79,,,,,,,,S68,C,C_C_S68,,,,,108
4/28/20,0.79,,,,,,,,S68,C,C_C_S68,,,,,85
4/29/20,0.79,,,,,,,,S68,C,C_C_S68,,,,,76
4/30/20,16,,,,,,,,S68,C,C_C_S68,,,,,72
5/1/20,27,,,,,,,,S68,C,C_C_S68,,,,,91
5/2/20,16,,,,,,,,S68,C,C_C_S68,,,,,90
5/3/20,14,,,,,,,,S68,C,C_C_S68,,,,,91
5/4/20,0.79,,,,,,,,S68,C,C_C_S68,,,,,94
5/5/20,17,,,,,,,,S68,C,C_C_S68,,,,,107
5/6/20,22,,,,,,,,S68,C,C_C_S68,,,,,122
5/7/20,20,,,,,,,,S68,C,C_C_S68,,,,,126
5/8/20,33,,,,,,,,S68,C,C_C_S68,,,,,132
5/9/20,12,,,,,,,,S68,C,C_C_S68,,,,,128
5/10/20,18,,,,,,,,S68,C,C_C_S68,,,,,132
5/11/20,20,,,,,,,,S68,C,C_C_S68,,,,,142
5/12/20,13,,,,,,,,S68,C,C_C_S68,,,,,138
5/13/20,32,,,,,,,,S68,C,C_C_S68,,,,,148
5/14/20,24,,,,,,,,S68,C,C_C_S68,,,,,152
5/15/20,30,,,,,,,,S68,C,C_C_S68,,,,,149
5/16/20,36,,,,,,,,S68,C,C_C_S68,,,,,173
5/17/20,18,,,,,,,,S68,C,C_C_S68,,,,,173
5/18/20,27,,,,,,,,S68,C,C_C_S68,,,,,180
5/19/20,28,,,,,,,,S68,C,C_C_S68,,,,,195
5/20/20,44,,,,,,,,S68,C,C_C_S68,,,,,207
5/21/20,38,,,,,,,,S68,C,C_C_S68,,,,,221
5/22/20,40,,,,,,,,S68,C,C_C_S68,,,,,231
5/23/20,39,,,,,,,,S68,C,C_C_S68,,,,,234
5/24/20,37,,,,,,,,S68,C,C_C_S68,,,,,253
5/25/20,37,,,,,,,,S68,C,C_C_S68,,,,,263
5/26/20,36,,,,,,,,S68,C,C_C_S68,,,,,271
5/27/20,17,,,,,,,,S68,C,C_C_S68,,,,,244
5/28/20,62,,,,,,,,S68,C,C_C_S68,,,,,268
5/29/20,52,,,,,,,,S68,C,C_C_S68,,,,,280
5/30/20,65,,,,,,,,S68,C,C_C_S68,,,,,306
5/31/20,22,,,,,,,,S68,C,C_C_S68,,,,,291
6/1/20,38,,,,,,,,S68,C,C_C_S68,,,,,292
6/2/20,49,,,,,,,,S68,C,C_C_S68,,,,,305
6/3/20,36,,,,,,,,S68,C,C_C_S68,,,,,324
6/4/20,36,,,,,,,,S68,C,C_C_S68,,,,,298
6/5/20,35,,,,,,,,S68,C,C_C_S68,,,,,281
6/6/20,26,,,,,,,,S68,C,C_C_S68,,,,,242
6/7/20,33,,,,,,,,S68,C,C_C_S68,,,,,253
6/8/20,14,,,,,,,,S68,C,C_C_S68,,,,,229
6/9/20,38,,,,,,,,S68,C,C_C_S68,,,,,218
6/10/20,33,,,,,,,,S68,C,C_C_S68,,,,,215
6/11/20,50,,,,,,,,S68,C,C_C_S68,,,,,229
6/12/20,26,,,,,,,,S68,C,C_C_S68,,,,,220
6/13/20,36,,,,,,,,S68,C,C_C_S68,,,,,230
6/14/20,37,,,,,,,,S68,C,C_C_S68,,,,,234
6/15/20,23,,,,,,,,S68,C,C_C_S68,,,,,243
6/16/20,28,,,,,,,,S68,C,C_C_S68,,,,,233
6/17/20,34,,,,,,,,S68,C,C_C_S68,,,,,234
6/18/20,16,,,,,,,,S68,C,C_C_S68,,,,,200
6/19/20,59,,,,,,,,S68,C,C_C_S68,,,,,233
6/20/20,66,,,,,,,,S68,C,C_C_S68,,,,,263
6/21/20,93,,,,,,,,S68,C,C_C_S68,,,,,319
6/22/20,52,,,,,,,,S68,C,C_C_S68,,,,,348
6/23/20,44,,,,,,,,S68,C,C_C_S68,,,,,364
6/24/20,17,,,,,,,,S68,C,C_C_S68,,,,,347
6/25/20,38,,,,,,,,S68,C,C_C_S68,,,,,369
6/26/20,29,,,,,,,,S68,C,C_C_S68,,,,,339
6/27/20,58,,,,,,,,S68,C,C_C_S68,,,,,331
6/28/20,69,,,,,,,,S68,C,C_C_S68,,,,,307
6/29/20,54,,,,,,,,S68,C,C_C_S68,,,,,309
6/30/20,55,,,,,,,,S68,C,C_C_S68,,,,,320
7/1/20,88,,,,,,,,S68,C,C_C_S68,,,,,391
7/2/20,75,,,,,,,,S68,C,C_C_S68,,,,,428
7/3/20,100,,,,,,,,S68,C,C_C_S68,,,,,499
7/4/20,98,,,,,,,,S68,C,C_C_S68,,,,,539
7/5/20,58,,,,,,,,S68,C,C_C_S68,,,,,528
7/6/20,40,,,,,,,,S68,C,C_C_S68,,,,,514
7/7/20,70,,,,,,,,S68,C,C_C_S68,,,,,529
7/8/20,56,,,,,,,,S68,C,C_C_S68,,,,,497
7/9/20,95,,,,,,,,S68,C,C_C_S68,,,,,517
7/10/20,73,,,,,,,,S68,C,C_C_S68,,,,,490
7/11/20,88,,,,,,,,S68,C,C_C_S68,,,,,480
7/12/20,63,,,,,,,,S68,C,C_C_S68,,,,,485
7/13/20,43,,,,,,,,S68,C,C_C_S68,,,,,488
7/14/20,98,,,,,,,,S68,C,C_C_S68,,,,,516
7/15/20,36,,,,,,,,S68,C,C_C_S68,,,,,496
7/16/20,83,,,,,,,,S68,C,C_C_S68,,,,,484
7/17/20,109,,,,,,,,S68,C,C_C_S68,,,,,520
7/18/20,52,,,,,,,,S68,C,C_C_S68,,,,,484
7/19/20,91,,,,,,,,S68,C,C_C_S68,,,,,512
7/20/20,115,,,,,,,,S68,C,C_C_S68,,,,,584
7/21/20,75,,,,,,,,S68,C,C_C_S68,,,,,561
7/22/20,89,,,,,,,,S68,C,C_C_S68,,,,,614
7/23/20,57,,,,,,,,S68,C,C_C_S68,,,,,588
7/24/20,112,,,,,,,,S68,C,C_C_S68,,,,,591
7/25/20,44,,,,,,,,S68,C,C_C_S68,,,,,583
7/26/20,23,,,,,,,,S68,C,C_C_S68,,,,,515
7/27/20,96,,,,,,,,S68,C,C_C_S68,,,,,496
7/28/20,76,,,,,,,,S68,C,C_C_S68,,,,,497
7/29/20,50,,,,,,,,S68,C,C_C_S68,,,,,458
7/30/20,90,,,,,,,,S68,C,C_C_S68,,,,,491
7/31/20,79,,,,,,,,S68,C,C_C_S68,,,,,458
8/1/20,93,,,,,,,,S68,C,C_C_S68,,,,,507
8/2/20,34,,,,,,,,S68,C,C_C_S68,,,,,518
8/3/20,48,,,,,,,,S68,C,C_C_S68,,,,,470
8/4/20,40,,,,,,,,S68,C,C_C_S68,,,,,434
8/5/20,91,,,,,,,,S68,C,C_C_S68,,,,,475
8/6/20,171,,,,,,,,S68,C,C_C_S68,,,,,556
8/7/20,109,,,,,,,,S68,C,C_C_S68,,,,,586
8/8/20,167,,,,,,,,S68,C,C_C_S68,,,,,660
8/9/20,150,,,,,,,,S68,C,C_C_S68,,,,,776
8/10/20,100,,,,,,,,S68,C,C_C_S68,,,,,828
8/11/20,74,,,,,,,,S68,C,C_C_S68,,,,,862
8/12/20,119,,,,,,,,S68,C,C_C_S68,,,,,890
8/13/20,196,,,,,,,,S68,C,C_C_S68,,,,,915
8/14/20,112,,,,,,,,S68,C,C_C_S68,,,,,918
8/15/20,73,,,,,,,,S68,C,C_C_S68,,,,,824
8/16/20,65,,,,,,,,S68,C,C_C_S68,,,,,739
8/17/20,88,,,,,,,,S68,C,C_C_S68,,,,,727
8/18/20,95,,,,,,,,S68,C,C_C_S68,,,,,748
8/19/20,87,,,,,,,,S68,C,C_C_S68,,,,,716
8/20/20,158,,,,,,,,S68,C,C_C_S68,,,,,678
8/21/20,91,,,,,,,,S68,C,C_C_S68,,,,,657
8/22/20,132,,,,,,,,S68,C,C_C_S68,,,,,716
8/23/20,31,,,,,,,,S68,C,C_C_S68,,,,,682
8/24/20,59,,,,,,,,S68,C,C_C_S68,,,,,653
8/25/20,70,,,,,,,,S68,C,C_C_S68,,,,,628
8/26/20,91,,,,,,,,S68,C,C_C_S68,,,,,632
8/27/20,64,,,,,,,,S68,C,C_C_S68,,,,,538
8/28/20,63,,,,,,,,S68,C,C_C_S68,,,,,510
8/29/20,46,,,,,,,,S68,C,C_C_S68,,,,,424
8/30/20,53,,,,,,,,S68,C,C_C_S68,,,,,446
8/31/20,36,,,,,,,,S68,C,C_C_S68,,,,,423
9/1/20,44,,,,,,,,S68,C,C_C_S68,,,,,397
9/2/20,47,,,,,,,,S68,C,C_C_S68,,,,,353
9/3/20,46,,,,,,,,S68,C,C_C_S68,,,,,335
9/4/20,52,,,,,,,,S68,C,C_C_S68,,,,,324
9/5/20,56,,,,,,,,S68,C,C_C_S68,,,,,334
9/6/20,31,,,,,,,,S68,C,C_C_S68,,,,,312
9/7/20,19,,,,,,,,S68,C,C_C_S68,,,,,295
9/8/20,27,,,,,,,,S68,C,C_C_S68,,,,,278
9/9/20,38,,,,,,,,S68,C,C_C_S68,,,,,269
9/10/20,42,,,,,,,,S68,C,C_C_S68,,,,,265
9/11/20,39,,,,,,,,S68,C,C_C_S68,,,,,252
9/12/20,21,,,,,,,,S68,C,C_C_S68,,,,,217
9/13/20,12,,,,,,,,S68,C,C_C_S68,,,,,198
9/14/20,16,,,,,,,,S68,C,C_C_S68,,,,,195
9/15/20,32,,,,,,,,S68,C,C_C_S68,,,,,200
9/16/20,36,,,,,,,,S68,C,C_C_S68,,,,,198
9/17/20,38,,,,,,,,S68,C,C_C_S68,,,,,194
9/18/20,40,,,,,,,,S68,C,C_C_S68,,,,,195
9/19/20,39,,,,,,,,S68,C,C_C_S68,,,,,213
9/20/20,34,,,,,,,,S68,C,C_C_S68,,,,,235
9/21/20,20,,,,,,,,S68,C,C_C_S68,,,,,239
9/22/20,32,,,,,,,,S68,C,C_C_S68,,,,,239
9/23/20,51,,,,,,,,S68,C,C_C_S68,,,,,254
9/24/20,34,,,,,,,,S68,C,C_C_S68,,,,,250
9/25/20,52,,,,,,,,S68,C,C_C_S68,,,,,262
9/26/20,25,,,,,,,,S68,C,C_C_S68,,,,,248
9/27/20,5.5,,,,,,,,S68,C,C_C_S68,,,,,221
9/28/20,45,,,,,,,,S68,C,C_C_S68,,,,,246
9/29/20,28,,,,,,,,S68,C,C_C_S68,,,,,242
9/30/20,33,,,,,,,,S68,C,C_C_S68,,,,,224
10/1/20,37,,,,,,,,S68,C,C_C_S68,,,,,227
10/2/20,43,,,,,,,,S68,C,C_C_S68,,,,,218
10/3/20,23,,,,,,,,S68,C,C_C_S68,,,,,216
10/4/20,5.5,,,,,,,,S68,C,C_C_S68,,,,,219
10/5/20,5.5,,,,,,,,S68,C,C_C_S68,,,,,183
10/6/20,5.5,,,,,,,,S68,C,C_C_S68,,,,,163
10/7/20,24,,,,,,,,S68,C,C_C_S68,,,,,154
10/8/20,25,,,,,,,,S68,C,C_C_S68,,,,,142
10/9/20,15,,,,,,,,S68,C,C_C_S68,,,,,114
10/10/20,21,,,,,,,,S68,C,C_C_S68,,,,,112
10/11/20,21,,,,,,,,S68,C,C_C_S68,,,,,123
10/12/20,5.5,,,,,,,,S68,C,C_C_S68,,,,,119
10/13/20,5.5,,,,,,,,S68,C,C_C_S68,,,,,119
10/14/20,25,,,,,,,,S68,C,C_C_S68,,,,,120
10/15/20,5.5,,,,,,,,S68,C,C_C_S68,,,,,104
4/15/20,,,,5.5,,,,,N49,C,C_C_N49,,,,,
4/16/20,,,,5.5,,,,,N49,C,C_C_N49,,,,,
4/17/20,,,,5.5,,,,,N49,C,C_C_N49,,,,,
4/18/20,,,,5.5,,,,,N49,C,C_C_N49,,,,,
4/19/20,,,,5.5,,,,,N49,C,C_C_N49,,,,,
4/20/20,,,,5.5,,,,,N49,C,C_C_N49,,,,,
4/21/20,,,,5.5,,,,,N49,C,C_C_N49,,,,,
4/22/20,,,,5.5,,,,,N49,C,C_C_N49,,,,,
4/23/20,,,,5.5,,,,,N49,C,C_C_N49,,,,,
4/24/20,,,,5.5,,,,,N49,C,C_C_N49,,,,,
4/25/20,,,,5.5,,,,,N49,C,C_C_N49,,,,,
4/26/20,,,,5.5,,,,,N49,C,C_C_N49,,,,,
4/27/20,,,,5.5,,,,,N49,C,C_C_N49,,,,,
4/28/20,,,,5.5,,,,,N49,C,C_C_N49,,,,,
4/29/20,,,,5.5,,,,,N49,C,C_C_N49,,,,,
4/30/20,,,,5.5,,,,,N49,C,C_C_N49,,,,,
5/1/20,,,,5.5,,,,,N49,C,C_C_N49,,,,,
5/2/20,,,,5.5,,,,,N49,C,C_C_N49,,,,,
5/3/20,,,,5.5,,,,,N49,C,C_C_N49,,,,,
5/4/20,,,,5.5,,,,,N49,C,C_C_N49,,,,,
5/5/20,,,,5.5,,,,,N49,C,C_C_N49,,,,,
5/6/20,,,,5.5,,,,,N49,C,C_C_N49,,,,,
5/7/20,,,,5.5,,,,,N49,C,C_C_N49,,,,,
5/8/20,,,,5.5,,,,,N49,C,C_C_N49,,,,,
5/9/20,,,,5.5,,,,,N49,C,C_C_N49,,,,,
5/10/20,,,,5.5,,,,,N49,C,C_C_N49,,,,,
5/11/20,,,,5.5,,,,,N49,C,C_C_N49,,,,,
5/12/20,,,,5.5,,,,,N49,C,C_C_N49,,,,,
5/13/20,,,,5.5,,,,,N49,C,C_C_N49,,,,,
5/14/20,,,,5.5,,,,,N49,C,C_C_N49,,,,,
5/15/20,,,,5.5,,,,,N49,C,C_C_N49,,,,,
5/16/20,,,,5.5,,,,,N49,C,C_C_N49,,,,,
5/17/20,,,,5.5,,,,,N49,C,C_C_N49,,,,,
5/18/20,,,,5.5,,,,,N49,C,C_C_N49,,,,,
5/19/20,,,,5.5,,,,,N49,C,C_C_N49,,,,,
5/20/20,,,,5.5,,,,,N49,C,C_C_N49,,,,,
5/21/20,,,,5.5,,,,,N49,C,C_C_N49,,,,,
5/22/20,,,,5.5,,,,,N49,C,C_C_N49,,,,,
5/23/20,,,,5.5,,,,,N49,C,C_C_N49,,,,,
5/24/20,,,,5.5,,,,,N49,C,C_C_N49,,,,,
5/25/20,,,,5.5,,,,,N49,C,C_C_N49,,,,,
5/26/20,,,,5.5,,,,,N49,C,C_C_N49,,,,,
5/27/20,,,,5.5,,,,,N49,C,C_C_N49,,,,,
5/28/20,,,,5.5,,,,,N49,C,C_C_N49,,,,,
5/29/20,,,,5.5,,,,,N49,C,C_C_N49,,,,,
5/30/20,,,,5.5,,,,,N49,C,C_C_N49,,,,,
5/31/20,,,,5.5,,,,,N49,C,C_C_N49,,,,,
6/1/20,,,,5.5,,,,,N49,C,C_C_N49,,,,,
6/2/20,,,,5.5,,,,,N49,C,C_C_N49,,,,,
6/3/20,,,,5.5,,,,,N49,C,C_C_N49,,,,,
6/4/20,,,,5.5,,,,,N49,C,C_C_N49,,,,,
6/5/20,,,,5.5,,,,,N49,C,C_C_N49,,,,,
6/6/20,,,,5.5,,,,,N49,C,C_C_N49,,,,,
6/7/20,,,,5.5,,,,,N49,C,C_C_N49,,,,,
6/8/20,,,,5.5,,,,,N49,C,C_C_N49,,,,,
6/9/20,,,,5.5,,,,,N49,C,C_C_N49,,,,,
6/10/20,,,,5.5,,,,,N49,C,C_C_N49,,,,,
6/11/20,,,,5.5,,,,,N49,C,C_C_N49,,,,,
6/12/20,,,,5.5,,,,,N49,C,C_C_N49,,,,,
6/13/20,,,,11,,,,,N49,C,C_C_N49,,,,,
6/14/20,,,,11,,,,,N49,C,C_C_N49,,,,,
6/15/20,,,,15,,,,,N49,C,C_C_N49,,,,,
6/16/20,,,,15,,,,,N49,C,C_C_N49,,,,,
6/17/20,,,,24,,,,,N49,C,C_C_N49,,,,,
6/18/20,,,,24,,,,,N49,C,C_C_N49,,,,,
6/19/20,,,,29,,,,,N49,C,C_C_N49,,,,,
6/20/20,,,,29,,,,,N49,C,C_C_N49,,,,,
6/21/20,,,,32,,,,,N49,C,C_C_N49,,,,,
6/22/20,,,,32,,,,,N49,C,C_C_N49,,,,,
6/23/20,,,,36,,,,,N49,C,C_C_N49,,,,,
6/24/20,,,,36,,,,,N49,C,C_C_N49,,,,,
6/25/20,,,,40,,,,,N49,C,C_C_N49,,,,,
6/26/20,,,,40,,,,,N49,C,C_C_N49,,,,,
6/27/20,,,,43,,,,,N49,C,C_C_N49,,,,,
6/28/20,,,,43,,,,,N49,C,C_C_N49,,,,,
6/29/20,,,,46,,,,,N49,C,C_C_N49,,,,,
6/30/20,,,,46,,,,,N49,C,C_C_N49,,,,,
7/1/20,,,,43,,,,,N49,C,C_C_N49,,,,,
7/2/20,,,,43,,,,,N49,C,C_C_N49,,,,,
7/3/20,,,,42,,,,,N49,C,C_C_N49,,,,,
7/4/20,,,,42,,,,,N49,C,C_C_N49,,,,,
7/5/20,,,,42,,,,,N49,C,C_C_N49,,,,,
7/6/20,,,,42,,,,,N49,C,C_C_N49,,,,,
7/7/20,,,,40,,,,,N49,C,C_C_N49,,,,,
7/8/20,,,,40,,,,,N49,C,C_C_N49,,,,,
7/9/20,,,,43,,,,,N49,C,C_C_N49,,,,,
7/10/20,,,,43,,,,,N49,C,C_C_N49,,,,,
7/11/20,,,,42,,,,,N49,C,C_C_N49,,,,,
7/12/20,,,,42,,,,,N49,C,C_C_N49,,,,,
7/13/20,,,,43,,,,,N49,C,C_C_N49,,,,,
7/14/20,,,,43,,,,,N49,C,C_C_N49,,,,,
7/15/20,,,,42,,,,,N49,C,C_C_N49,,,,,
7/16/20,,,,42,,,,,N49,C,C_C_N49,,,,,
7/17/20,,,,45,,,,,N49,C,C_C_N49,,,,,
7/18/20,,,,45,,,,,N49,C,C_C_N49,,,,,
7/19/20,,,,45,,,,,N49,C,C_C_N49,,,,,
7/20/20,,,,45,,,,,N49,C,C_C_N49,,,,,
7/21/20,,,,45,,,,,N49,C,C_C_N49,,,,,
7/22/20,,,,45,,,,,N49,C,C_C_N49,,,,,
7/23/20,,,,41,,,,,N49,C,C_C_N49,,,,,
7/24/20,,,,41,,,,,N49,C,C_C_N49,,,,,
7/25/20,,,,38,,,,,N49,C,C_C_N49,,,,,
7/26/20,,,,38,,,,,N49,C,C_C_N49,,,,,
7/27/20,,,,32,,,,,N49,C,C_C_N49,,,,,
7/28/20,,,,32,,,,,N49,C,C_C_N49,,,,,
7/29/20,,,,35,,,,,N49,C,C_C_N49,,,,,
7/30/20,,,,35,,,,,N49,C,C_C_N49,,,,,
7/31/20,,,,33,,,,,N49,C,C_C_N49,,,,,
8/1/20,,,,33,,,,,N49,C,C_C_N49,,,,,
8/2/20,,,,34,,,,,N49,C,C_C_N49,,,,,
8/3/20,,,,34,,,,,N49,C,C_C_N49,,,,,
8/4/20,,,,33,,,,,N49,C,C_C_N49,,,,,
8/5/20,,,,33,,,,,N49,C,C_C_N49,,,,,
8/6/20,,,,38,,,,,N49,C,C_C_N49,,,,,
8/7/20,,,,38,,,,,N49,C,C_C_N49,,,,,
8/8/20,,,,39,,,,,N49,C,C_C_N49,,,,,
8/9/20,,,,39,,,,,N49,C,C_C_N49,,,,,
8/10/20,,,,39,,,,,N49,C,C_C_N49,,,,,
8/11/20,,,,39,,,,,N49,C,C_C_N49,,,,,
8/12/20,,,,34,,,,,N49,C,C_C_N49,,,,,
8/13/20,,,,34,,,,,N49,C,C_C_N49,,,,,
8/14/20,,,,36,,,,,N49,C,C_C_N49,,,,,
8/15/20,,,,36,,,,,N49,C,C_C_N49,,,,,
8/16/20,,,,36,,,,,N49,C,C_C_N49,,,,,
8/17/20,,,,36,,,,,N49,C,C_C_N49,,,,,
8/18/20,,,,32,,,,,N49,C,C_C_N49,,,,,
8/19/20,,,,32,,,,,N49,C,C_C_N49,,,,,
8/20/20,,,,25,,,,,N49,C,C_C_N49,,,,,
8/21/20,,,,25,,,,,N49,C,C_C_N49,,,,,
8/22/20,,,,24,,,,,N49,C,C_C_N49,,,,,
8/23/20,,,,24,,,,,N49,C,C_C_N49,,,,,
8/24/20,,,,27,,,,,N49,C,C_C_N49,,,,,
8/25/20,,,,27,,,,,N49,C,C_C_N49,,,,,
8/26/20,,,,29,,,,,N49,C,C_C_N49,,,,,
8/27/20,,,,29,,,,,N49,C,C_C_N49,,,,,
8/28/20,,,,29,,,,,N49,C,C_C_N49,,,,,
8/29/20,,,,29,,,,,N49,C,C_C_N49,,,,,
8/30/20,,,,25,,,,,N49,C,C_C_N49,,,,,
8/31/20,,,,25,,,,,N49,C,C_C_N49,,,,,
9/1/20,,,,26,,,,,N49,C,C_C_N49,,,,,
9/2/20,,,,26,,,,,N49,C,C_C_N49,,,,,
9/3/20,,,,26,,,,,N49,C,C_C_N49,,,,,
9/4/20,,,,26,,,,,N49,C,C_C_N49,,,,,
9/5/20,,,,25,,,,,N49,C,C_C_N49,,,,,
9/6/20,,,,25,,,,,N49,C,C_C_N49,,,,,
9/7/20,,,,23,,,,,N49,C,C_C_N49,,,,,
9/8/20,,,,23,,,,,N49,C,C_C_N49,,,,,
9/9/20,,,,26,,,,,N49,C,C_C_N49,,,,,
9/10/20,,,,26,,,,,N49,C,C_C_N49,,,,,
9/11/20,,,,24,,,,,N49,C,C_C_N49,,,,,
9/12/20,,,,24,,,,,N49,C,C_C_N49,,,,,
9/13/20,,,,25,,,,,N49,C,C_C_N49,,,,,
9/14/20,,,,25,,,,,N49,C,C_C_N49,,,,,
9/15/20,,,,29,,,,,N49,C,C_C_N49,,,,,
9/16/20,,,,29,,,,,N49,C,C_C_N49,,,,,
9/17/20,,,,29,,,,,N49,C,C_C_N49,,,,,
9/18/20,,,,29,,,,,N49,C,C_C_N49,,,,,
9/19/20,,,,29,,,,,N49,C,C_C_N49,,,,,
9/20/20,,,,29,,,,,N49,C,C_C_N49,,,,,
9/21/20,,,,28,,,,,N49,C,C_C_N49,,,,,
9/22/20,,,,28,,,,,N49,C,C_C_N49,,,,,
9/23/20,,,,22,,,,,N49,C,C_C_N49,,,,,
9/24/20,,,,22,,,,,N49,C,C_C_N49,,,,,
9/25/20,,,,19,,,,,N49,C,C_C_N49,,,,,
9/26/20,,,,19,,,,,N49,C,C_C_N49,,,,,
9/27/20,,,,19,,,,,N49,C,C_C_N49,,,,,
10/28/20,,,,36,,,,,N49,C,C_C_N49,,,,,
10/29/20,,,,38,,,,,N49,C,C_C_N49,,,,,
10/30/20,,,,38,,,,,N49,C,C_C_N49,,,,,
10/31/20,,,,46,,,,,N49,C,C_C_N49,,,,,
11/1/20,,,,46,,,,,N49,C,C_C_N49,,,,,
11/2/20,,,,46,,,,,N49,C,C_C_N49,,,,,
11/3/20,,,,46,,,,,N49,C,C_C_N49,,,,,
11/4/20,,,,50,,,,,N49,C,C_C_N49,,,,,
11/5/20,,,,50,,,,,N49,C,C_C_N49,,,,,
11/6/20,,,,54,,,,,N49,C,C_C_N49,,,,,
11/7/20,,,,54,,,,,N49,C,C_C_N49,,,,,
11/8/20,,,,62,,,,,N49,C,C_C_N49,,,,,
11/9/20,,,,62,,,,,N49,C,C_C_N49,,,,,
11/10/20,,,,63,,,,,N49,C,C_C_N49,,,,,
11/11/20,,,,63,,,,,N49,C,C_C_N49,,,,,
11/12/20,,,,67,,,,,N49,C,C_C_N49,,,,,
11/13/20,,,,67,,,,,N49,C,C_C_N49,,,,,
11/14/20,,,,61,,,,,N49,C,C_C_N49,,,,,
11/15/20,,,,61,,,,,N49,C,C_C_N49,,,,,
11/16/20,,,,64,,,,,N49,C,C_C_N49,,,,,
11/17/20,,,,64,,,,,N49,C,C_C_N49,,,,,
11/18/20,,,,65,,,,,N49,C,C_C_N49,,,,,
11/19/20,,,,65,,,,,N49,C,C_C_N49,,,,,
11/20/20,,,,63,,,,,N49,C,C_C_N49,,,,,
11/21/20,,,,63,,,,,N49,C,C_C_N49,,,,,
11/22/20,,,,62,,,,,N49,C,C_C_N49,,,,,
11/23/20,,,,62,,,,,N49,C,C_C_N49,,,,,
11/24/20,,,,68,,,,,N49,C,C_C_N49,,,,,
11/25/20,,,,68,,,,,N49,C,C_C_N49,,,,,
11/26/20,,,,77,,,,,N49,C,C_C_N49,,,,,
11/27/20,,,,77,,,,,N49,C,C_C_N49,,,,,
11/28/20,,,,94,,,,,N49,C,C_C_N49,,,,,
11/29/20,,,,94,,,,,N49,C,C_C_N49,,,,,
11/30/20,,,,100,,,,,N49,C,C_C_N49,,,,,
12/1/20,,,,100,,,,,N49,C,C_C_N49,,,,,
12/2/20,,,,116,,,,,N49,C,C_C_N49,,,,,
12/3/20,,,,116,,,,,N49,C,C_C_N49,,,,,
12/4/20,,,,128,,,,,N49,C,C_C_N49,,,,,
12/5/20,,,,128,,,,,N49,C,C_C_N49,,,,,
12/6/20,,,,129,,,,,N49,C,C_C_N49,,,,,
12/7/20,,,,129,,,,,N49,C,C_C_N49,,,,,
12/8/20,,,,142,,,,,N49,C,C_C_N49,,,,,
12/9/20,,,,142,,,,,N49,C,C_C_N49,,,,,
12/10/20,,,,144,,,,,N49,C,C_C_N49,,,,,
12/11/20,,,,144,,,,,N49,C,C_C_N49,,,,,
12/12/20,,,,136,,,,,N49,C,C_C_N49,,,,,
12/13/20,,,,136,,,,,N49,C,C_C_N49,,,,,
12/14/20,,,,137,,,,,N49,C,C_C_N49,,,,,
12/15/20,,,,137,,,,,N49,C,C_C_N49,,,,,
12/16/20,,,,125,,,,,N49,C,C_C_N49,,,,,
12/17/20,,,,125,,,,,N49,C,C_C_N49,,,,,
12/18/20,,,,115,,,,,N49,C,C_C_N49,,,,,
12/19/20,,,,115,,,,,N49,C,C_C_N49,,,,,
12/20/20,,,,119,,,,,N49,C,C_C_N49,,,,,
12/21/20,,,,119,,,,,N49,C,C_C_N49,,,,,
12/22/20,,,,124,,,,,N49,C,C_C_N49,,,,,
12/23/20,,,,124,,,,,N49,C,C_C_N49,,,,,
12/24/20,,,,118,,,,,N49,C,C_C_N49,,,,,
12/25/20,,,,118,,,,,N49,C,C_C_N49,,,,,
12/26/20,,,,119,,,,,N49,C,C_C_N49,,,,,
12/27/20,,,,119,,,,,N49,C,C_C_N49,,,,,
12/28/20,,,,123,,,,,N49,C,C_C_N49,,,,,
12/29/20,,,,123,,,,,N49,C,C_C_N49,,,,,
12/30/20,,,,126,,,,,N49,C,C_C_N49,,,,,
12/31/20,,,,126,,,,,N49,C,C_C_N49,,,,,
1/1/21,,,,135,,,,,N49,C,C_C_N49,,,,,
1/2/21,,,,135,,,,,N49,C,C_C_N49,,,,,
1/3/21,,,,134,,,,,N49,C,C_C_N49,,,,,
1/4/21,,,,134,,,,,N49,C,C_C_N49,,,,,
1/5/21,,,,118,,,,,N49,C,C_C_N49,,,,,
1/6/21,,,,118,,,,,N49,C,C_C_N49,,,,,
1/7/21,,,,124,,,,,N49,C,C_C_N49,,,,,
1/8/21,,,,124,,,,,N49,C,C_C_N49,,,,,
1/9/21,,,,127,,,,,N49,C,C_C_N49,,,,,
1/10/21,,,,127,,,,,N49,C,C_C_N49,,,,,
1/11/21,,,,120,,,,,N49,C,C_C_N49,,,,,
1/12/21,,,,120,,,,,N49,C,C_C_N49,,,,,
1/13/21,,,,120,,,,,N49,C,C_C_N49,,,,,
1/14/21,,,,120,,,,,N49,C,C_C_N49,,,,,
1/15/21,,,,110,,,,,N49,C,C_C_N49,,,,,
1/16/21,,,,110,,,,,N49,C,C_C_N49,,,,,
1/17/21,,,,100,,,,,N49,C,C_C_N49,,,,,
1/18/21,,,,100,,,,,N49,C,C_C_N49,,,,,
1/19/21,,,,102,,,,,N49,C,C_C_N49,,,,,
1/20/21,,,,102,,,,,N49,C,C_C_N49,,,,,
1/21/21,,,,93,,,,,N49,C,C_C_N49,,,,,
1/22/21,,,,93,,,,,N49,C,C_C_N49,,,,,
1/23/21,,,,82,,,,,N49,C,C_C_N49,,,,,
1/24/21,,,,82,,,,,N49,C,C_C_N49,,,,,
1/25/21,,,,85,,,,,N49,C,C_C_N49,,,,,
1/26/21,,,,85,,,,,N49,C,C_C_N49,,,,,
1/27/21,,,,5.5,,,,,N49,C,C_C_N49,,,,,
1/28/21,,,,5.5,,,,,N49,C,C_C_N49,,,,,
1/29/21,,,,5.5,,,,,N49,C,C_C_N49,,,,,
1/30/21,,,,5.5,,,,,N49,C,C_C_N49,,,,,
1/31/21,,,,5.5,,,,,N49,C,C_C_N49,,,,,
2/1/21,,,,5.5,,,,,N49,C,C_C_N49,,,,,
2/2/21,,,,5.5,,,,,N49,C,C_C_N49,,,,,
2/3/21,,,,5.5,,,,,N49,C,C_C_N49,,,,,
4/15/20,0,0,0,,0,0,0,,SQ,B,B_B_SQ,,,,,
4/16/20,0,0,0,,0,0,0,,SQ,B,B_B_SQ,,,,,
4/17/20,0,0,0,,0,0,0,,SQ,B,B_B_SQ,,,,,
4/18/20,0,0,1,,0,0,0,,SQ,B,B_B_SQ,,,,,
4/19/20,0,0,0,,0,0,0,,SQ,B,B_B_SQ,,,,,
4/20/20,0,0,0,,0,0,0,,SQ,B,B_B_SQ,,,,,
4/21/20,0,0,0,,0,0,0,0,SQ,B,B_B_SQ,,,,,0
4/22/20,0,0,1,,0,0,0,0,SQ,B,B_B_SQ,,,,,0
4/23/20,0,0,2,,0,0,0,0,SQ,B,B_B_SQ,,,,,0
4/24/20,0,0,0,,0,0,0,0,SQ,B,B_B_SQ,,,,,0
4/25/20,0,0,0,,0,0,0,0,SQ,B,B_B_SQ,,,,,0
4/26/20,0,0,1,,0,0,0,0,SQ,B,B_B_SQ,,,,,0
4/27/20,0,0,1,,0,0,0,0,SQ,B,B_B_SQ,,,,,0
4/28/20,0,0,0,,0,0,0,0,SQ,B,B_B_SQ,,,,,0
4/29/20,0,0,1,,0,0,0,0,SQ,B,B_B_SQ,,,,,0
4/30/20,0,0,0,,0,0,0,0,SQ,B,B_B_SQ,,,,,0
5/1/20,0,0,2,,0,0,0,0,SQ,B,B_B_SQ,,,,,0
5/2/20,0,0,3,,0,0,0,0,SQ,B,B_B_SQ,,,,,0
5/3/20,0,0,1,,0,0,0,0,SQ,B,B_B_SQ,,,,,0
5/4/20,0,0,0,,0,0,0,0,SQ,B,B_B_SQ,,,,,0
5/5/20,0,0,4,,0,0,0,0,SQ,B,B_B_SQ,,,,,0
5/6/20,0,0,0,,0,0,0,0,SQ,B,B_B_SQ,,,,,0
5/7/20,0,0,1,,0,0,0,0,SQ,B,B_B_SQ,,,,,0
5/8/20,0,0,0,,0,0,0,0,SQ,B,B_B_SQ,,,,,0
5/9/20,0,0,0,,0,0,0,0,SQ,B,B_B_SQ,,,,,0
5/10/20,0,0,0,,0,0,0,0,SQ,B,B_B_SQ,,,,,0
5/11/20,0,0,0,,0,0,0,0,SQ,B,B_B_SQ,,,,,0
5/12/20,0,0,105,,0,0,0,0,SQ,B,B_B_SQ,,,,,0
5/13/20,0,0,1,,0,0,0,0,SQ,B,B_B_SQ,,,,,0
5/14/20,0,0,150,,0,0,0,0,SQ,B,B_B_SQ,,,,,0
5/15/20,0,0,5,,0,0,0,0,SQ,B,B_B_SQ,,,,,0
5/16/20,0,0,0,,0,0,0,0,SQ,B,B_B_SQ,,,,,0
5/17/20,0,0,0,,0,0,0,0,SQ,B,B_B_SQ,,,,,0
5/18/20,0,0,1,,0,0,0,0,SQ,B,B_B_SQ,,,,,0
5/19/20,0,0,26,,0,0,0,0,SQ,B,B_B_SQ,,,,,0
5/20/20,0,0,58,,0,0,0,0,SQ,B,B_B_SQ,,,,,0
5/21/20,0,0,5,,0,0,0,0,SQ,B,B_B_SQ,,,,,0
5/22/20,0,0,0,,0,0,0,0,SQ,B,B_B_SQ,,,,,0
5/23/20,0,0,0,,0,0,0,0,SQ,B,B_B_SQ,,,,,0
5/24/20,0,0,0,,0,0,0,0,SQ,B,B_B_SQ,,,,,0
5/25/20,0,0,0,,0,0,0,0,SQ,B,B_B_SQ,,,,,0
5/26/20,0,0,73,,0,0,0,0,SQ,B,B_B_SQ,,,,,0
5/27/20,0,0,3,,0,0,0,0,SQ,B,B_B_SQ,,,,,0
5/28/20,0,0,70,,0,0,0,0,SQ,B,B_B_SQ,,,,,0
5/29/20,0,0,0,,0,0,0,0,SQ,B,B_B_SQ,,,,,0
5/30/20,0,0,0,,0,0,0,0,SQ,B,B_B_SQ,,,,,0
5/31/20,1,1,2,,0,0,0,1,SQ,B,B_B_SQ,,,,,1
6/1/20,1,2,2,,0,0,0,3,SQ,B,B_B_SQ,,,,,2
6/2/20,7,9,166,,0,0,0,12,SQ,B,B_B_SQ,,,,,9
6/3/20,7,16,56,,0,0,0,28,SQ,B,B_B_SQ,,,,,16
6/4/20,0,16,4,,0,0,0,44,SQ,B,B_B_SQ,,,,,16
6/5/20,1,17,192,,0,0,0,61,SQ,B,B_B_SQ,,,,,17
6/6/20,0,17,0,,0,0,0,78,SQ,B,B_B_SQ,,,,,17
6/7/20,0,17,0,,0,0,0,94,SQ,B,B_B_SQ,,,,,16
6/8/20,0,17,1,,0,0,0,109,SQ,B,B_B_SQ,,,,,15
6/9/20,9,26,124,,0,0,0,126,SQ,B,B_B_SQ,,,,,17
6/10/20,1,27,9,,0,0,0,137,SQ,B,B_B_SQ,,,,,11
6/11/20,4,31,126,,0,0,0,152,SQ,B,B_B_SQ,,,,,15
6/12/20,18,49,181,,0,0,0,184,SQ,B,B_B_SQ,,,,,32
6/13/20,0,49,0,,0,0,0,216,SQ,B,B_B_SQ,,,,,32
6/14/20,0,49,0,,0,0,0,248,SQ,B,B_B_SQ,,,,,32
6/15/20,149,198,171,,0,0,0,429,SQ,B,B_B_SQ,,,,,181
6/16/20,121,319,226,,0,0,0,722,SQ,B,B_B_SQ,,,,,293
6/17/20,2,321,39,,0,0,0,1016,SQ,B,B_B_SQ,,,,,294
6/18/20,144,464,245,,1,0,0,1449,SQ,B,B_B_SQ,,,,,434
6/19/20,36,500,91,,0,0,0,1900,SQ,B,B_B_SQ,,,,,452
6/20/20,0,500,0,,0,0,0,2351,SQ,B,B_B_SQ,,,,,452
6/21/20,5,504,5,,1,0,0,2806,SQ,B,B_B_SQ,,,,,457
6/22/20,93,597,333,,0,0,0,3205,SQ,B,B_B_SQ,,,,,401
6/23/20,192,789,386,,0,0,0,3675,SQ,B,B_B_SQ,,,,,472
6/24/20,219,1008,448,,0,0,0,4362,SQ,B,B_B_SQ,,,,,689
6/25/20,160,1164,525,,2,1,1,5062,SQ,B,B_B_SQ,,,,,705
6/26/20,36,1199,111,,1,0,0,5761,SQ,B,B_B_SQ,,,,,705
6/27/20,0,1198,0,,1,0,0,6459,SQ,B,B_B_SQ,,,,,705
6/28/20,3,1196,3,,2,3,0,7151,SQ,B,B_B_SQ,,,,,703
6/29/20,297,1488,417,,1,4,0,8042,SQ,B,B_B_SQ,,,,,907
6/30/20,27,1513,189,,0,2,0,8766,SQ,B,B_B_SQ,,,,,742
7/1/20,15,1513,316,,1,13,1,9271,SQ,B,B_B_SQ,,,,,538
7/2/20,14,1521,27,,0,6,0,9628,SQ,B,B_B_SQ,,,,,392
7/3/20,72,1533,76,,0,58,2,9962,SQ,B,B_B_SQ,,,,,428
7/4/20,49,1503,54,,1,76,2,10267,SQ,B,B_B_SQ,,,,,477
7/5/20,13,1487,54,,2,25,2,10558,SQ,B,B_B_SQ,,,,,487
7/6/20,118,1604,161,,0,1,0,10674,SQ,B,B_B_SQ,,,,,308
7/7/20,159,1636,313,,8,118,1,10797,SQ,B,B_B_SQ,,,,,440
7/8/20,8,1413,409,,2,229,0,10697,SQ,B,B_B_SQ,,,,,433
7/9/20,29,1311,214,,4,127,0,10487,SQ,B,B_B_SQ,,,,,448
7/10/20,58,1277,216,,3,89,0,10231,SQ,B,B_B_SQ,,,,,434
7/11/20,3,1247,6,,0,31,2,9975,SQ,B,B_B_SQ,,,,,388
7/12/20,0,1226,2,,1,19,1,9714,SQ,B,B_B_SQ,,,,,375
7/13/20,6,1177,183,,3,52,0,9287,SQ,B,B_B_SQ,,,,,263
7/14/20,22,1050,192,,1,147,1,8701,SQ,B,B_B_SQ,,,,,126
7/15/20,8,974,532,,1,82,1,8262,SQ,B,B_B_SQ,,,,,126
7/16/20,3,837,218,,2,138,0,7788,SQ,B,B_B_SQ,,,,,100
7/17/20,6,790,143,,1,52,0,7301,SQ,B,B_B_SQ,,,,,48
7/18/20,2,784,425,,0,8,0,6838,SQ,B,B_B_SQ,,,,,47
7/19/20,0,778,0,,0,6,0,6390,SQ,B,B_B_SQ,,,,,47
7/20/20,1,671,62,,0,107,1,5884,SQ,B,B_B_SQ,,,,,42
7/21/20,23,631,225,,2,60,1,5465,SQ,B,B_B_SQ,,,,,43
7/22/20,8,604,496,,2,33,0,5095,SQ,B,B_B_SQ,,,,,43
7/23/20,25,532,213,,1,96,0,4790,SQ,B,B_B_SQ,,,,,65
7/24/20,1,446,196,,2,84,1,4446,SQ,B,B_B_SQ,,,,,60
7/25/20,0,431,0,,0,13,2,4093,SQ,B,B_B_SQ,,,,,58
7/26/20,0,394,1,,2,34,1,3709,SQ,B,B_B_SQ,,,,,58
7/27/20,2,327,95,,1,68,0,3365,SQ,B,B_B_SQ,,,,,59
7/28/20,26,266,102,,1,86,0,3000,SQ,B,B_B_SQ,,,,,62
7/29/20,12,251,449,,0,27,0,2647,SQ,B,B_B_SQ,,,,,66
7/30/20,5,229,183,,1,26,0,2344,SQ,B,B_B_SQ,,,,,46
7/31/20,3,189,156,,3,40,0,2087,SQ,B,B_B_SQ,,,,,48
8/1/20,0,164,4,,0,25,0,1820,SQ,B,B_B_SQ,,,,,48
8/2/20,0,161,0,,0,1,2,1587,SQ,B,B_B_SQ,,,,,48
8/3/20,1,151,99,,2,8,1,1411,SQ,B,B_B_SQ,,,,,47
8/4/20,2,144,122,,1,7,1,1289,SQ,B,B_B_SQ,,,,,23
8/5/20,3,139,465,,0,8,0,1177,SQ,B,B_B_SQ,,,,,14
8/6/20,4,124,103,,0,18,1,1072,SQ,B,B_B_SQ,,,,,13
8/7/20,0,121,137,,0,3,0,1004,SQ,B,B_B_SQ,,,,,10
8/8/20,0,119,2,,0,2,0,959,SQ,B,B_B_SQ,,,,,10
8/9/20,0,115,0,,0,3,1,913,SQ,B,B_B_SQ,,,,,10
8/10/20,0,113,136,,0,2,0,875,SQ,B,B_B_SQ,,,,,9
8/11/20,2,93,453,,0,22,0,824,SQ,B,B_B_SQ,,,,,9
8/12/20,1,85,175,,0,9,0,770,SQ,B,B_B_SQ,,,,,7
8/13/20,0,62,200,,0,23,0,708,SQ,B,B_B_SQ,,,,,3
8/14/20,0,61,49,,0,1,0,648,SQ,B,B_B_SQ,,,,,3
8/15/20,0,60,11,,0,1,0,589,SQ,B,B_B_SQ,,,,,3
8/16/20,0,60,1,,0,0,0,534,SQ,B,B_B_SQ,,,,,3
8/17/20,0,56,132,,0,4,0,477,SQ,B,B_B_SQ,,,,,3
8/18/20,0,35,444,,0,21,0,419,SQ,B,B_B_SQ,,,,,1
8/19/20,0,28,162,,0,7,0,362,SQ,B,B_B_SQ,,,,,0
8/20/20,0,19,185,,0,9,0,319,SQ,B,B_B_SQ,,,,,0
8/21/20,0,17,73,,0,1,1,275,SQ,B,B_B_SQ,,,,,0
8/22/20,0,17,10,,0,0,0,232,SQ,B,B_B_SQ,,,,,0
8/23/20,0,17,1,,0,0,0,189,SQ,B,B_B_SQ,,,,,0
8/24/20,0,17,141,,0,0,0,150,SQ,B,B_B_SQ,,,,,0
8/25/20,0,15,539,,0,2,0,130,SQ,B,B_B_SQ,,,,,0
8/26/20,1,11,150,,0,5,0,113,SQ,B,B_B_SQ,,,,,1
8/27/20,0,8,226,,0,3,0,102,SQ,B,B_B_SQ,,,,,1
8/28/20,0,8,39,,0,0,0,93,SQ,B,B_B_SQ,,,,,1
8/29/20,0,7,17,,0,1,0,83,SQ,B,B_B_SQ,,,,,1
8/30/20,0,7,1,,0,0,0,73,SQ,B,B_B_SQ,,,,,1
8/31/20,0,7,132,,0,0,0,63,SQ,B,B_B_SQ,,,,,1
9/1/20,0,5,535,,0,2,0,53,SQ,B,B_B_SQ,,,,,1
9/2/20,0,4,197,,0,1,0,46,SQ,B,B_B_SQ,,,,,0
9/3/20,0,4,117,,0,0,0,42,SQ,B,B_B_SQ,,,,,0
9/4/20,0,4,62,,0,0,0,38,SQ,B,B_B_SQ,,,,,0
9/5/20,0,4,5,,0,0,0,35,SQ,B,B_B_SQ,,,,,0
9/6/20,0,4,1,,0,0,0,32,SQ,B,B_B_SQ,,,,,0
9/7/20,0,3,8,,0,1,0,28,SQ,B,B_B_SQ,,,,,0
9/8/20,0,3,527,,0,0,0,26,SQ,B,B_B_SQ,,,,,0
9/9/20,0,3,272,,0,0,0,25,SQ,B,B_B_SQ,,,,,0
9/10/20,0,3,114,,0,0,0,24,SQ,B,B_B_SQ,,,,,0
9/11/20,0,3,106,,0,0,0,23,SQ,B,B_B_SQ,,,,,0
9/12/20,0,3,4,,0,0,0,22,SQ,B,B_B_SQ,,,,,0
9/13/20,0,3,0,,0,0,0,21,SQ,B,B_B_SQ,,,,,0
9/14/20,0,3,7,,0,0,0,21,SQ,B,B_B_SQ,,,,,0
9/15/20,0,3,503,,0,0,0,21,SQ,B,B_B_SQ,,,,,0
9/16/20,0,2,245,,0,1,0,20,SQ,B,B_B_SQ,,,,,0
9/17/20,0,2,128,,0,0,0,19,SQ,B,B_B_SQ,,,,,0
9/18/20,0,2,89,,0,0,0,18,SQ,B,B_B_SQ,,,,,0
9/19/20,0,2,3,,0,0,0,17,SQ,B,B_B_SQ,,,,,0
9/20/20,0,2,0,,0,0,0,16,SQ,B,B_B_SQ,,,,,0
9/21/20,0,2,150,,0,0,0,15,SQ,B,B_B_SQ,,,,,0
9/22/20,0,2,514,,0,0,0,14,SQ,B,B_B_SQ,,,,,0
9/23/20,0,2,161,,0,0,0,14,SQ,B,B_B_SQ,,,,,0
9/24/20,0,2,103,,0,0,0,14,SQ,B,B_B_SQ,,,,,0
9/25/20,0,1,51,,0,0,1,13,SQ,B,B_B_SQ,,,,,0
9/26/20,0,1,15,,0,0,0,12,SQ,B,B_B_SQ,,,,,0
9/27/20,0,1,0,,0,0,0,11,SQ,B,B_B_SQ,,,,,0
9/28/20,0,1,155,,0,0,0,10,SQ,B,B_B_SQ,,,,,0
9/29/20,0,1,403,,0,0,0,9,SQ,B,B_B_SQ,,,,,0
9/30/20,0,1,249,,0,0,0,8,SQ,B,B_B_SQ,,,,,0
10/1/20,0,1,104,,0,0,0,7,SQ,B,B_B_SQ,,,,,0
10/2/20,0,1,38,,0,0,0,7,SQ,B,B_B_SQ,,,,,0
10/3/20,0,1,7,,0,0,0,7,SQ,B,B_B_SQ,,,,,0
10/4/20,0,1,3,,0,0,0,7,SQ,B,B_B_SQ,,,,,0
10/5/20,0,1,147,,0,0,0,7,SQ,B,B_B_SQ,,,,,0
10/6/20,0,1,393,,0,0,0,7,SQ,B,B_B_SQ,,,,,0
10/7/20,0,1,230,,0,0,0,7,SQ,B,B_B_SQ,,,,,0
10/8/20,0,1,99,,0,0,0,7,SQ,B,B_B_SQ,,,,,0
10/9/20,0,1,95,,0,0,0,7,SQ,B,B_B_SQ,,,,,0
10/10/20,0,1,8,,0,0,0,7,SQ,B,B_B_SQ,,,,,0
10/11/20,0,1,0,,0,0,0,7,SQ,B,B_B_SQ,,,,,0
10/12/20,0,1,288,,0,0,0,7,SQ,B,B_B_SQ,,,,,0
10/13/20,0,1,377,,0,0,0,7,SQ,B,B_B_SQ,,,,,0
10/14/20,0,1,231,,0,0,0,7,SQ,B,B_B_SQ,,,,,0
10/15/20,0,1,85,,0,0,0,7,SQ,B,B_B_SQ,,,,,0